{
  "project_info": {
    "project_number": "802358673826",
    "project_id": "makerhub-51a48",
    "storage_bucket": "makerhub-51a48.appspot.com"
  },
  "client": [
    {
      "client_info": {
        "mobilesdk_app_id": "1:802358673826:android:95c816a76d662e6d5f72fb",
        "android_client_info": {
          "package_name": "com.ieee.makerhub"
        }
      },
      "oauth_client": [
        {
          "client_id": "802358673826-hufm5647mn0bfmbkpcgfo1h3aadp4nr2.apps.googleusercontent.com",
          "client_type": 1,
          "android_info": {
            "package_name": "com.ieee.makerhub",
            "certificate_hash": "bc8c216a48e3fb40cd3701f6388be939aeaed4a2"
          }
        },
        {
          "client_id": "802358673826-thlugbnflqvrvqnvht1450tg6qvjb1us.apps.googleusercontent.com",
          "client_type": 1,
          "android_info": {
            "package_name": "com.ieee.makerhub",
            "certificate_hash": "fa037eaba25d2f7ffe152184b8dbab885c97ac77"
          }
        },
        {
          "client_id": "802358673826-r57hn1i37u9bhf38oos736s2cg9b0oso.apps.googleusercontent.com",
          "client_type": 3
        }
      ],
      "api_key": [
        {
          "current_key": "AIzaSyDWPwws2Q4kqFKXBP2b0k72OSqcwhbP0bw"
        }
      ],
      "services": {
        "appinvite_service": {
          "other_platform_oauth_client": [
            {
              "client_id": "802358673826-r57hn1i37u9bhf38oos736s2cg9b0oso.apps.googleusercontent.com",
              "client_type": 3
            },
            {
              "client_id": "802358673826-3qr1ktb9asmabqmpefeq2ned2gapcj6r.apps.googleusercontent.com",
              "client_type": 2,
              "ios_info": {
                "bundle_id": "makerhub"
              }
            }
          ]
        }
      }
    },
    {
      "client_info": {
        "mobilesdk_app_id": "1:802358673826:android:558fc496f669749d5f72fb",
        "android_client_info": {
          "package_name": "com.ieee.makerhub_admin"
        }
      },
      "oauth_client": [
        {
          "client_id": "802358673826-9m9gvjbp0rjctvvntmsaua0m2400lnuc.apps.googleusercontent.com",
          "client_type": 1,
          "android_info": {
            "package_name": "com.ieee.makerhub_admin",
            "certificate_hash": "dd4c25bcb2eca323bf81ea482ae02307a6a18eec"
          }
        },
        {
          "client_id": "802358673826-df7d5l1b4tjhdgqicvuocunjvs1lbulh.apps.googleusercontent.com",
          "client_type": 1,
          "android_info": {
            "package_name": "com.ieee.makerhub_admin",
            "certificate_hash": "fa037eaba25d2f7ffe152184b8dbab885c97ac77"
          }
        },
        {
          "client_id": "802358673826-r57hn1i37u9bhf38oos736s2cg9b0oso.apps.googleusercontent.com",
          "client_type": 3
        }
      ],
      "api_key": [
        {
          "current_key": "AIzaSyDWPwws2Q4kqFKXBP2b0k72OSqcwhbP0bw"
        }
      ],
      "services": {
        "appinvite_service": {
          "other_platform_oauth_client": [
            {
              "client_id": "802358673826-r57hn1i37u9bhf38oos736s2cg9b0oso.apps.googleusercontent.com",
              "client_type": 3
            },
            {
              "client_id": "802358673826-3qr1ktb9asmabqmpefeq2ned2gapcj6r.apps.googleusercontent.com",
              "client_type": 2,
              "ios_info": {
                "bundle_id": "makerhub"
              }
            }
          ]
        }
      }
    }
  ],
  "configuration_version": "1"
}